{"cameraMode":{"drawMode":0,"name":"Shaded","section":"Shading Mode"},"sceneLighting":false,"audioPlay":false,"sceneViewState":{"showFog":true,"showMaterialUpdate":false,"showSkybox":false,"showFlares":true,"showImageEffects":true,"showParticleSystems":true},"in2DMode":false,"pivot":{"x":-0.8935502171516419,"y":0.38727033138275149,"z":0.11494183540344238},"rotation":{"x":0.022013021633028985,"y":-0.9146224856376648,"z":0.05026174709200859,"w":0.40056830644607546},"size":2.746025562286377,"orthographic":false}